tx_date,settle_date,account,ticker,description,tx_type,asset_class,quantity,price,amount,fees,source,notes
2020-12-03,2020-12-03,Schwab IRA,,Transfer from JPMorgan Chase,DEPOSIT,CASH,0,0,218.75,0,PDF-Dec2020,Account opening / 2020 Roth contribution
2021-01-04,2021-01-06,Schwab IRA,ARKF,ARK FINTECH INNOVATION ETF,BUY,ETF,4,49.37,-197.48,0,PDF-Jan2021,
2021-01-05,2021-01-05,Schwab IRA,,MoneyLink JPMorgan Chase,DEPOSIT,CASH,0,0,500.0,0,PDF-Jan2021,2020 Roth IRA contribution
2021-01-05,2021-01-05,Schwab IRA,,MoneyLink JPMorgan Chase,DEPOSIT,CASH,0,0,600.0,0,PDF-Jan2021,2020 Roth IRA contribution
2021-01-05,2021-01-07,Schwab IRA,ARKG,ARK GENOMIC REVOLUTION ETF,BUY,ETF,3,93.48,-280.44,0,PDF-Jan2021,
2021-01-05,2021-01-07,Schwab IRA,LIT,GLOBAL X LITHIUM BATTERY TECH ETF,BUY,ETF,2,68.14,-136.28,0,PDF-Jan2021,
2021-01-05,2021-01-07,Schwab IRA,CHIQ,GLOBAL X MSCI CHINA CONSUMER DISCRET ETF,BUY,ETF,3,36.39,-109.16,0,PDF-Jan2021,
2021-01-05,2021-01-07,Schwab IRA,QQQ,INVESCO QQQ TRUST,BUY,ETF,1,310.94,-310.94,0,PDF-Jan2021,
2021-01-05,2021-01-07,Schwab IRA,OGIG,O'SHARES GLOBAL INTERNET GIANTS ETF,BUY,ETF,3,54.61,-163.83,0,PDF-Jan2021,
2021-01-05,2021-01-07,Schwab IRA,VNM,VANECK VECTORS VIETNAM ETF,BUY,ETF,6,17.81,-106.86,0,PDF-Jan2021,
2021-02-03,2021-02-03,Schwab IRA,,MoneyLink JPMorgan Chase,DEPOSIT,CASH,0,0,5931.25,0,PDF-Feb2021-recon,2020 Roth IRA contribution; date estimated
2021-02-03,2021-02-05,Schwab IRA,ARKQ,ARK AUTONOMOUS TECH & ROBOTICS ETF,BUY,ETF,6,97.04,-582.21,0,PDF-Feb2021-recon,Cost basis $582.21 confirmed; date/price estimated
2021-02-03,2021-02-05,Schwab IRA,ARKF,ARK FINTECH INNOVATION ETF,BUY,ETF,6,57.24,-343.42,0,PDF-Feb2021-recon,Cost delta 4→10 shares; date/price estimated
2021-02-03,2021-02-05,Schwab IRA,ARKG,ARK GENOMIC REVOLUTION ETF,BUY,ETF,2,108.19,-216.38,0,PDF-Feb2021-recon,Cost delta 3→5 shares; date/price estimated
2021-02-03,2021-02-05,Schwab IRA,IZRL,ARK ISRAEL INNOVATIVE TECHNOLOGY ETF,BUY,ETF,10,36.28,-362.75,0,PDF-Feb2021-recon,Cost $362.75 confirmed; date/price estimated
2021-02-03,2021-02-05,Schwab IRA,ARKW,ARK NEXT GENERATION INTERNET ETF,BUY,ETF,3,179.51,-538.53,0,PDF-Feb2021-recon,Cost $538.53 confirmed; date/price estimated
2021-02-03,2021-02-05,Schwab IRA,CIBR,FIRST TRUST NASDAQ CYBERSECURITY ETF,BUY,ETF,16,45.51,-728.17,0,PDF-Feb2021-recon,Cost $728.17 confirmed; date/price estimated
2021-02-03,2021-02-05,Schwab IRA,LIT,GLOBAL X LITHIUM BATTERY TECH ETF,BUY,ETF,3,69.88,-209.64,0,PDF-Feb2021-recon,Cost delta 2→5 shares; date/price estimated
2021-02-03,2021-02-05,Schwab IRA,CHIQ,GLOBAL X MSCI CHINA CONSUMER DISCRET ETF,BUY,ETF,6,40.77,-244.59,0,PDF-Feb2021-recon,Cost delta 3→9 shares; date/price estimated
2021-02-03,2021-02-05,Schwab IRA,QQQ,INVESCO QQQ TRUST,BUY,ETF,2,332.94,-665.88,0,PDF-Feb2021-recon,Cost delta 1→3 shares; date/price estimated
2021-02-03,2021-02-05,Schwab IRA,EEM,ISHARES MSCI EMERGING MARKETS ETF,BUY,ETF,6,56.25,-337.49,0,PDF-Feb2021-recon,Cost $337.49 confirmed; date/price estimated
2021-02-03,2021-02-05,Schwab IRA,OGIG,O'SHARES GLOBAL INTERNET GIANTS ETF,BUY,ETF,9,61.93,-557.33,0,PDF-Feb2021-recon,Cost delta 3→12 shares; date/price estimated
2021-02-03,2021-02-05,Schwab IRA,PRNT,3D PRINTING ETF,BUY,ETF,12,48.87,-586.44,0,PDF-Feb2021-recon,Cost $586.44 confirmed; date/price estimated
2021-02-03,2021-02-05,Schwab IRA,QCLN,FIRST TRUST NASDAQ CLEAN EDGE GREEN ENERGY ETF,BUY,ETF,7,68.27,-477.89,0,PDF-Feb2021-recon,Cost $477.89 confirmed; date/price estimated
2021-02-03,2021-02-05,Schwab IRA,MOS,THE MOSAIC CO,BUY,EQUITY,13,28.64,-372.32,0,PDF-Feb2021-recon,Cost $372.32 confirmed; date/price estimated
2021-03-01,2021-03-01,Schwab IRA,,MoneyLink JPMorgan Chase,DEPOSIT,CASH,0,0,1000.0,0,PDF-Mar2021-recon,2020/2021 Roth IRA contribution; date estimated
2021-03-01,2021-03-03,Schwab IRA,AMD,ADVANCED MICRO DEVICES INC,BUY,EQUITY,6,77.9,-467.4,0,PDF-Mar2021-recon,Cost $467.40 confirmed; date/price estimated
2021-03-01,2021-03-03,Schwab IRA,SNOW,SNOWFLAKE INC CLASS A,BUY,EQUITY,2,239.99,-479.98,0,PDF-Mar2021-recon,Cost $479.98 confirmed; date/price estimated
2021-03-04,2021-03-08,Schwab IRA,COST,COSTCO WHOLESALE CO,BUY,EQUITY,1,319.2,-319.2,0,PDF-Mar2021-confirmed,Acquired 03/04/21 confirmed from Jun 2021 gain/loss
2021-03-15,2021-03-15,Schwab IRA,MOS,THE MOSAIC CO,DIVIDEND,EQUITY,0,0,0.65,0,PDF-Mar2021,Cash dividend per Mar 2021 income summary
2021-03-22,2021-03-24,Schwab IRA,QQQ,INVESCO QQQ TRUST,SELL,ETF,1,295.46,295.46,0,PDF-Mar2021-recon,QQQ 3→2 shares; proceeds from Mar cash summary; date estimated
2021-04-01,2021-04-01,Schwab IRA,,MoneyLink JPMorgan Chase,DEPOSIT,CASH,0,0,2600.0,0,PDF-Apr2021-recon,2021 Roth IRA contribution; date estimated
2021-04-01,2021-04-01,Schwab IRA,CIBR,FIRST TRUST NASDAQ CYBRSCRTY ETF,REINVEST,ETF,0.1155,52.05,-6.01,0,PDF-recon-2021,Q1 2021 est CIBR div reinvest; reconstructed to match Jan 2022 stmt 20.1084 shares
2021-04-15,2021-04-15,Schwab IRA,MOS,THE MOSAIC CO,DIVIDEND,EQUITY,0,0,1.18,0,PDF-Apr2021,Cash dividend per Apr 2021 income summary
2021-04-26,2021-04-28,Schwab IRA,LMND,LEMONADE INC,BUY,EQUITY,2,95.26,-190.52,0,PDF-Apr2021-confirmed,
2021-04-26,2021-04-28,Schwab IRA,LMND,LEMONADE INC,BUY,EQUITY,3,97.13,-291.39,0,PDF-Apr2021-confirmed,
2021-04-26,2021-04-28,Schwab IRA,LMND,LEMONADE INC,BUY,EQUITY,2,96.8,-193.6,0,PDF-Apr2021-confirmed,
2021-04-26,2021-04-28,Schwab IRA,LMND,LEMONADE INC,BUY,EQUITY,3,97.01,-291.03,0,PDF-Apr2021-confirmed,
2021-04-26,2021-04-28,Schwab IRA,LMND,LEMONADE INC,BUY,EQUITY,1,95.61,-95.61,0,PDF-Apr2021-confirmed,
2021-04-26,2021-04-28,Schwab IRA,SNOW,SNOWFLAKE INC CLASS A,BUY,EQUITY,2,236.27,-472.53,0,PDF-Apr2021-confirmed,
2021-04-26,2021-04-28,Schwab IRA,SNOW,SNOWFLAKE INC CLASS A,BUY,EQUITY,1,234.75,-234.75,0,PDF-Apr2021-confirmed,
2021-04-28,2021-04-30,Schwab IRA,AMD,ADVANCED MICRO DEVICES INC,BUY,EQUITY,2,84.39,-168.79,0,PDF-Apr2021-confirmed,
2021-04-28,2021-04-30,Schwab IRA,AMD,ADVANCED MICRO DEVICES INC,BUY,EQUITY,2,84.61,-169.22,0,PDF-Apr2021-confirmed,
2021-04-28,2021-04-30,Schwab IRA,MNMD,MIND MEDICINE MINDMED F,BUY,EQUITY,10,4.684,-46.84,0,PDF-Apr2021-confirmed,Acquired 04/28/21 confirmed from Jun 2021 gain/loss
2021-05-03,2021-05-05,Schwab IRA,CRESY,CRESUD S.A.C.I.F.Y.A. SPONSORED ADR,BUY,EQUITY,60,5.59,-335.4,0,PDF-May2021-confirmed,Acquired 05/03/21 confirmed from Sep 2021 gain/loss
2021-05-15,2021-05-15,Schwab IRA,MOS,THE MOSAIC CO,DIVIDEND,EQUITY,0,0,0.79,0,PDF-May2021,Cash dividend per May 2021 income summary
2021-05-28,2021-06-01,Schwab IRA,COST,COSTCO WHOLESALE CO,SELL,EQUITY,1,378.01,378.01,0,PDF-Jun2021-confirmed,Sold 05/28/21; gain $58.81; confirmed from Jun 2021 gain/loss
2021-05-28,2021-06-01,Schwab IRA,MNMD,MIND MEDICINE MINDMED F,SELL,EQUITY,10,3.231,32.31,0,PDF-Jun2021-confirmed,Sold 05/28/21; loss ($14.53); confirmed from Jun 2021 gain/loss
2021-06-01,2021-06-03,Schwab IRA,BABA,ALIBABA GROUP HOLDING LTD SPONSORED ADR,BUY,EQUITY,2,214.01,-428.02,0,PDF-Jun2021-recon,Cost $428.02 confirmed; date/price estimated
2021-06-01,2021-06-03,Schwab IRA,MOS,THE MOSAIC CO,SELL,EQUITY,1,31.91,31.91,0,PDF-Jun2021-recon,MOS 13→12 shares; price from Jun statement market price; date estimated
2021-06-15,2021-06-15,Schwab IRA,,Various - CIBR QQQ VNM,DIVIDEND,ETF,0,0,2.92,0,PDF-Jun2021,Dividends per Jun 2021 income summary
2021-07-01,2021-07-01,Schwab IRA,CIBR,FIRST TRUST NASDAQ CYBRSCRTY ETF,REINVEST,ETF,0.1131,53.05,-6.0,0,PDF-recon-2021,Q2 2021 est CIBR div reinvest; reconstructed to match Jan 2022 stmt
2021-07-08,2021-07-08,Schwab IRA,LIT,GLOBAL X LITHIUM BATTERY TECH ETF,DIVIDEND,ETF,0,0,0.18,0,PDF-Jul2021-confirmed,
2021-08-01,2021-08-01,Schwab IRA,,MoneyLink JPMorgan Chase,DEPOSIT,CASH,0,0,1150.0,0,PDF-recon,"Estimated from YTD cash reconciliation ($11,781.25 YTD - $10,631.25 thru Apr); date unknown"
2021-08-03,2021-08-05,Schwab IRA,ABNB,AIRBNB INC CLASS A,BUY,EQUITY,4.0,145.97,-583.88,0,PDF-recon-2021,Acq date 08/03/21 confirmed from Feb 2022 realized gain/loss; cost $583.88 confirmed from Jan 2022 stmt
2021-08-15,2021-08-17,Schwab IRA,AMD,ADVANCED MICRO DEVICES INC,SELL,EQUITY,5,106.0,530.0,0,PDF-recon,AMD 10→5; price estimated from Aug 2021 range; date estimated
2021-08-15,2021-08-17,Schwab IRA,BABA,ALIBABA GROUP HOLDING LTD SPONSORED ADR,SELL,EQUITY,2,195.19,390.38,0,PDF-recon,BABA 2→0; price estimated; date estimated
2021-08-15,2021-08-17,Schwab IRA,CHIQ,GLOBAL X MSCI CHINA CONSUMER DISCRET ETF,SELL,ETF,9,33.5,301.5,0,PDF-recon,CHIQ 9→0; price estimated; date estimated
2021-08-15,2021-08-17,Schwab IRA,EEM,ISHARES MSCI EMERGING MARKETS ETF,SELL,ETF,1,55.0,55.0,0,PDF-recon,EEM 6→5; price estimated; date estimated
2021-08-15,2021-08-17,Schwab IRA,OGIG,O'SHARES GLOBAL INTERNET GIANTS ETF,SELL,ETF,12,55.0,660.0,0,PDF-recon,OGIG 12→0; price estimated; date estimated
2021-08-15,2021-08-17,Schwab IRA,AAPL,APPLE INC,BUY,EQUITY,5,146.97,-734.84,0,PDF-recon,Cost $734.84 confirmed Sep stmt; date estimated
2021-08-15,2021-08-17,Schwab IRA,MSFT,MICROSOFT CORP,BUY,EQUITY,4,291.46,-1165.85,0,PDF-recon,"Cost $1,165.85 confirmed Sep stmt; date estimated"
2021-08-15,2021-08-17,Schwab IRA,SNOW,SNOWFLAKE INC CLASS A,BUY,EQUITY,1,253.32,-253.32,0,PDF-recon,SNOW 5→6; cost delta confirmed Sep stmt; date estimated
2021-08-15,2021-08-17,Schwab IRA,ARKQ,ARK AUTONOMOUS TECH & ROBOTICS ETF,BUY,ETF,1,80.97,-80.97,0,PDF-recon,ARKQ 6→7; cost delta $663.18-$582.21; date estimated
2021-08-15,2021-08-17,Schwab IRA,ARKG,ARK GENOMIC REVOLUTION ETF,BUY,ETF,2,86.74,-173.48,0,PDF-recon,ARKG 5→7; cost delta $670.30-$496.82; date estimated
2021-08-15,2021-08-17,Schwab IRA,CIBR,FIRST TRUST NASDAQ CYBERSECURITY ETF,BUY,ETF,1,50.94,-50.94,0,PDF-recon,CIBR 16→17; cost delta $779.11-$728.17; date estimated
2021-08-15,2021-08-17,Schwab IRA,QQQ,INVESCO QQQ TRUST,BUY,ETF,1,373.64,-373.64,0,PDF-recon,"QQQ 2→3; cost delta $1,039.52-$665.88; date estimated"
2021-08-15,2021-08-15,Schwab IRA,,QQQ MSFT dividends,DIVIDEND,EQUITY,0,0,0.79,0,PDF-recon,Est from YTD reconciliation
2021-09-15,2021-09-15,Schwab IRA,,MSFT QQQ dividends,DIVIDEND,EQUITY,0,0,3.14,0,PDF-Sep2021,Per Sep 2021 income summary
2021-09-17,2021-09-21,Schwab IRA,CRESY,CRESUD S.A.C.I.F.Y.A. SPONSORED ADR,SELL,EQUITY,59,5.6,330.4,0,PDF-Sep2021-confirmed,Cost $329.81; gain $0.59; confirmed from Sep 2021 gain/loss section
2021-09-30,2021-10-04,Schwab IRA,CRESY,CRESUD S.A.C.I.F.Y.A. SPONSORED ADR,SELL,EQUITY,1.0,7.5,7.5,0,PDF-recon-2021,Final 1 share after Sep 17 confirmed sell of 59; price/date estimated
2021-10-01,2021-10-01,Schwab IRA,CIBR,FIRST TRUST NASDAQ CYBRSCRTY ETF,REINVEST,ETF,0.117,51.28,-6.0,0,PDF-recon-2021,Q3 2021 est CIBR div reinvest; reconstructed to match Jan 2022 stmt
2021-10-15,2021-10-19,Schwab IRA,AMD,ADVANCED MICRO DEVICES INC,SELL,EQUITY,5,115.0,575.0,0,PDF-recon,AMD 5→0; price estimated Oct 2021; date estimated
2021-10-15,2021-10-19,Schwab IRA,AAPL,APPLE INC,SELL,EQUITY,5,143.0,715.0,0,PDF-recon,AAPL 5→0; price estimated Oct 2021; date estimated
2021-10-15,2021-10-19,Schwab IRA,MOS,THE MOSAIC CO,SELL,EQUITY,12.0269,35.0,420.94,0,PDF-recon,MOS 12→0; price estimated; includes DRIP shares; date estimated
2021-10-15,2021-10-19,Schwab IRA,META,META PLATFORMS INC CLASS A,BUY,EQUITY,5,331.78,-1658.89,0,PDF-recon,"Cost $1,658.89 confirmed Nov stmt; date/price estimated"
2021-10-15,2021-10-19,Schwab IRA,CIBR,FIRST TRUST NASDAQ CYBERSECURITY ETF,BUY,ETF,2,52.75,-105.5,0,PDF-recon,CIBR 17→19; cost delta $884.61-$779.11; date estimated
2021-10-15,2021-10-15,Schwab IRA,,MSFT dividend,DIVIDEND,EQUITY,0,0,1.24,0,PDF-recon,Est from Nov YTD $10.89 vs Sep YTD $9.65
2021-11-01,2021-11-01,Schwab IRA,QQQ,INVESCO QQQ TRUST,REINVEST,ETF,0.0032,385.15,-1.24,0,PDF-Nov2021-confirmed,QQQ dividend reinvestment confirmed from Nov 2021 transaction page
2021-11-01,2021-11-03,Schwab IRA,VNM,VANECK VECTORS VIETNAM ETF,SELL,ETF,6.0,19.5,117.0,0,PDF-recon-2021,Not in Jan 2022 stmt; price/date estimated from ~Nov 2021 market
2021-11-15,2021-11-17,Schwab IRA,EEM,ISHARES MSCI EMERGING MARKETS ETF,SELL,ETF,5.0,50.25,251.25,0,PDF-recon-2021,Remaining 5 shares after Aug 2021 partial sell; price/date est ~Nov 2021 market
2021-12-01,2021-12-03,Schwab IRA,MSFT,MICROSOFT CORP,SELL,EQUITY,4.0075,336.35,1347.57,0,PDF-Dec2021-recon,MSFT 4→0; price from Dec 2021 market; date estimated
2021-12-01,2021-12-03,Schwab IRA,LMND,LEMONADE INC,BUY,EQUITY,9,42.12,-379.04,0,PDF-Dec2021-recon,"LMND 11→20; cost delta $1,441.19-$1,062.15; date estimated"
2021-12-01,2021-12-03,Schwab IRA,SNOW,SNOWFLAKE INC CLASS A,BUY,EQUITY,1,334.59,-334.59,0,PDF-Dec2021-recon,"SNOW 6→7; cost delta $1,775.17-$1,440.58; date estimated"
2021-12-14,2021-12-16,Schwab IRA,NU,NU HOLDINGS LTD CLASS A,BUY,EQUITY,100.0,9.89,-989.0,0,PDF-recon-2021,Acq date 12/14/21 confirmed from Feb 2022 realized gain/loss; cost $989 confirmed from Jan 2022 stmt
2021-12-15,2021-12-15,Schwab IRA,,CIBR QQQ LIT dividends + cap gains,DIVIDEND,ETF,0,0,30.0,0,PDF-Dec2021,Cash div $18.54 + cap gains distributions $11.46 per Dec 2021 income summary
2021-12-15,2021-12-17,Schwab IRA,PATH,UIPATH INC,BUY,EQUITY,25.0,40.006,-1000.15,0,PDF-recon-2021,"Acq date 12/15/21 confirmed from Feb 2022 realized gain/loss; cost $1,000.15 confirmed from Jan 2022 stmt"
2021-12-31,2021-12-31,Schwab IRA,CIBR,FIRST TRUST NASDAQ CYBRSCRTY ETF,REINVEST,ETF,0.5628,51.52,-29.0,0,PDF-recon-2021,Q4 2021 est CIBR div reinvest (larger; incl year-end); reconstructed to match Jan 2022 stmt cost basis
2022-01-03,2022-01-03,Schwab IRA,ARKQ,ARK AUTONOMOUS TECH RBTCS ETF,REINVEST,ETF,0.0272,77.6274,-2.11,0,PDF-Jan2022,Q4 2021 div reinvest
2022-01-03,2022-01-03,Schwab IRA,ARKQ,ARK AUTONOMOUS TECH RBTCS ETF,REINVEST,ETF,0.0282,77.6274,-2.19,0,PDF-Jan2022,Q4 2021 div reinvest
2022-01-03,2022-01-03,Schwab IRA,ARKG,ARK GENOMIC REVOLUTION ETF,REINVEST,ETF,0.0438,61.1692,-2.68,0,PDF-Jan2022,Q4 2021 div reinvest
2022-01-03,2022-01-03,Schwab IRA,IZRL,ARK ISRAEL INNOVATIVE TECHNOLOGY ETF,REINVEST,ETF,0.0333,28.8178,-0.96,0,PDF-Jan2022,Q4 2021 div reinvest
2022-01-03,2022-01-03,Schwab IRA,ARKW,ARK NEXT GENERATION INTERNET ETF,REINVEST,ETF,0.0049,119.585,-0.59,0,PDF-Jan2022,Q4 2021 div reinvest lot 1
2022-01-03,2022-01-03,Schwab IRA,ARKW,ARK NEXT GENERATION INTERNET ETF,REINVEST,ETF,0.0782,119.585,-9.35,0,PDF-Jan2022,Q4 2021 div reinvest lot 2
2022-01-03,2022-01-03,Schwab IRA,CIBR,FIRST TRUST NASDAQ CYBERSECURITY ETF,REINVEST,ETF,0.1084,51.775,-5.61,0,PDF-Jan2022,Q4 2021 div reinvest
2022-01-03,2022-01-03,Schwab IRA,PRNT,3D PRINTING ETF,REINVEST,ETF,0.0003,34.355,-0.01,0,PDF-Jan2022,Q4 2021 div reinvest
2022-01-07,2022-01-07,Schwab IRA,LIT,GLOBAL X LITHIUM BATTERY TECH ETF,DIVIDEND,ETF,0,0,0.74,0,PDF-Jan2022,Prior-year dividend
2022-01-10,2022-01-10,Schwab IRA,LIT,GLOBAL X LITHIUM BATTERY TECH ETF,REINVEST,ETF,0.0094,78.9999,-0.74,0,PDF-Jan2022,Reinvestment of 01/07 dividend
2022-02-01,2022-02-03,Schwab IRA,ABNB,AIRBNB INC CLASS A,SELL,EQUITY,4.0,156.59,626.36,0,PDF-Feb2022,Realized gain +$42.48
2022-02-01,2022-02-03,Schwab IRA,GOOGL,ALPHABET INC CLASS A,BUY,EQUITY,1.0,2948.88,-2948.88,0,PDF-Feb2022,
2022-02-01,2022-02-03,Schwab IRA,NU,NU HOLDINGS LTD CLASS A,SELL,EQUITY,100.0,7.45,745.0,0,PDF-Feb2022,Realized loss ($244.00); acq 12/14/21
2022-02-01,2022-02-03,Schwab IRA,PATH,UIPATH INC,SELL,EQUITY,25.0,37.14,928.5,0,PDF-Feb2022,Realized loss ($71.65); acq 12/15/21
2022-02-01,2022-02-03,Schwab IRA,ARKW,ARK NEXT GENERATION INTERNET ETF,SELL,ETF,3.0,96.73,290.19,0,PDF-Feb2022,Realized loss ($248.34); acq 02/08/21
2022-02-01,2022-02-03,Schwab IRA,ARKW,ARK NEXT GENERATION INTERNET ETF,SELL,ETF,0.0831,96.73,8.04,0,PDF-Feb2022,Realized loss ($1.90); acq 01/03/22
2022-02-01,2022-02-03,Schwab IRA,QCLN,FIRST TRUST NASDAQ CLEAN EDGE GREEN ENERGY ETF,SELL,ETF,7.0,57.02,399.14,0,PDF-Feb2022,Realized loss ($78.75); acq 04/26/21
2022-03-02,2022-03-04,Schwab IRA,ARKF,ARK FINTECH INNOVATION ETF,BUY,ETF,2.0,29.3499,-58.7,0,PDF-Mar2022,
2022-03-31,2022-03-31,Schwab IRA,CIBR,FIRST TRUST NASDAQ CYBRSCRTY ETF,DIVIDEND,BOND,0.0,0.0,0.41,0.0,CSV-Schwab,
2022-03-31,2022-03-31,Schwab IRA,CIBR,FIRST TRUST NASDAQ CYBERSECURITY ETF,DIVIDEND,ETF,0,0,0.41,0,PDF-Mar2022,Cash dividend (not reinvested)
2022-04-01,2022-04-01,Schwab IRA,CIBR,FIRST TRUST NASDAQ CYBRSCRTY ETF,REINVEST,ETF,0.0077,53.22,-0.41,0.0,CSV-Schwab,
2022-05-04,2022-05-04,Schwab IRA,ARKF,ARK FINTECH INNOVATION ETF,BUY,ETF,12.0,21.2499,-255.0,0.0,CSV-Schwab,
2022-05-04,2022-05-04,Schwab IRA,XLV,SELECT SECTOR HEALTH CARE SPDR ETF,BUY,ETF,10.0,128.85,-1288.5,0.0,CSV-Schwab,
2022-05-04,2022-05-04,Schwab IRA,QQQ,INVSC QQQ TRUST SRS 1 ETF,BUY,BOND,4.0,318.45,-1273.8,0.0,CSV-Schwab,
2022-05-04,2022-05-04,Schwab IRA,ABNB,AIRBNB INC CLASS A,BUY,EQUITY,2.0,156.42,-312.84,0.0,CSV-Schwab,
2022-05-04,2022-05-04,Schwab IRA,ABNB,AIRBNB INC CLASS A,BUY,EQUITY,2.0,154.656,-309.31,0.0,CSV-Schwab,
2022-05-04,2022-05-04,Schwab IRA,,IRA ROTH CONV,DEPOSIT,CASH,0.0,0.0,6000.0,0.0,CSV-Schwab,
2022-05-06,2022-05-06,Schwab IRA,TLT,ISHARES 20 PLS YEAR TREASURY BND ETF,BUY,ETF,9.0,113.6125,-1022.51,0.0,CSV-Schwab,
2022-05-10,2022-05-10,Schwab IRA,LMND,LEMONADE INC,BUY,EQUITY,20.0,18.75,-375.0,0.0,CSV-Schwab,
2022-05-11,2022-05-11,Schwab IRA,ABNB,AIRBNB INC CLASS A,BUY,EQUITY,1.0,116.8799,-116.88,0.0,CSV-Schwab,
2022-05-11,2022-05-11,Schwab IRA,META,META PLATFORMS INC CLASS A,BUY,EQUITY,2.0,194.4009,-388.8,0.0,CSV-Schwab,
2022-05-11,2022-05-11,Schwab IRA,XBI,SPDR S&P BIOTECH ETF,BUY,ETF,10.0,65.6625,-656.63,0.0,CSV-Schwab,
2022-05-16,2022-05-16,Schwab IRA,TLT,ISHARES 20 PLS YEAR TREASURY BND ETF,BUY,ETF,11.0,116.764,-1284.4,0.0,CSV-Schwab,
2022-05-16,2022-05-16,Schwab IRA,QQQ,INVSC QQQ TRUST SRS 1 ETF,SELL,BOND,4.0,298.27,1193.05,0.03,CSV-Schwab,
2022-05-16,2022-05-16,Schwab IRA,TLT,ISHARES 20 PLS YEAR TREASURY BND ETF,BUY,ETF,5.0,116.4076,-582.04,0.0,CSV-Schwab,
2022-05-16,2022-05-16,Schwab IRA,XBI,SPDR S&P BIOTECH ETF,SELL,ETF,10.0,68.37,683.68,0.02,CSV-Schwab,
2022-05-16,2022-05-18,Schwab IRA,QQQ,INVESCO QQQ TRUST,SELL,ETF,3.0032,298.27,895.76,0,user-confirmed,Full exit confirmed by user; pre-2022 lots (1 Aug 2021 + 0.0032 DRIP reinvest) sold same day as CSV lots at $298.27
2022-05-23,2022-05-23,Schwab IRA,ABNB,AIRBNB INC CLASS A,SELL,EQUITY,5.0,110.2,550.99,0.01,CSV-Schwab,
2022-05-24,2022-05-24,Schwab IRA,XLE,ENERGY SELECT SECTOR SPDR ETF,BUY,ETF,6.0,83.094,-498.56,0.0,CSV-Schwab,
2022-06-03,2022-06-03,Schwab IRA,TLT,ISHARES 20 PLS YEAR TREASURY BND ETF,SELL,ETF,10.0,114.955,1149.52,0.03,CSV-Schwab,
2022-06-07,2022-06-07,Schwab IRA,TLT,ISHARES 20 PLS YEAR TREASURY BND ETF,DIVIDEND,ETF,0.0,0.0,5.19,0.0,CSV-Schwab,
2022-06-13,2022-06-13,Schwab IRA,COIN,COINBASE GLOBAL INC CLASS A,BUY,ETF,10.0,49.13,-491.3,0.0,CSV-Schwab,
2022-06-13,2022-06-13,Schwab IRA,XLV,SELECT SECTOR HEALTH CARE SPDR ETF,SELL,ETF,10.0,123.11,1231.07,0.03,CSV-Schwab,
2022-06-13,2022-06-13,Schwab IRA,TLT,ISHARES 20 PLS YEAR TREASURY BND ETF,SELL,ETF,15.0,111.46,1671.86,0.04,CSV-Schwab,
2022-06-16,2022-06-16,Schwab IRA,XLE,ENERGY SELECT SECTOR SPDR ETF,SELL,ETF,6.0,78.98,473.87,0.01,CSV-Schwab,
2022-06-29,2022-06-29,Schwab IRA,META,META PLATFORMS INC CLASS A,BUY,ETF,6.0,163.91,-983.46,0.0,CSV-Schwab,
2022-06-30,2022-06-30,Schwab IRA,CIBR,FIRST TRUST NASDAQ CYBRSCRTY ETF,DIVIDEND,BOND,0.0,0.0,0.07,0.0,CSV-Schwab,
2022-07-01,2022-07-01,Schwab IRA,CIBR,FIRST TRUST NASDAQ CYBRSCRTY ETF,REINVEST,ETF,0.0017,40.6898,-0.07,0.0,CSV-Schwab,
2022-07-11,2022-07-11,Schwab IRA,LIT,GLOBAL X LITHIUM & BATTERY TECH ETF,DIVIDEND,ETF,0.0,0.0,0.31,0.0,CSV-Schwab,
2022-07-12,2022-07-12,Schwab IRA,LIT,GLOBAL X LITHIUM & BATTERY TECH ETF,REINVEST,ETF,0.0045,68.81,-0.31,0.0,CSV-Schwab,
2022-07-18,2022-07-18,Schwab IRA,,BANK INT ...522 SCHWAB BANK,INTEREST,EQUITY,0.0,0.0,0.32,0.0,CSV-Schwab,
2022-07-18,2022-07-18,Schwab IRA,GOOGL,ALPHABET INC. CLASS A,SPLIT,EQUITY,19.0,111.7775,0.0,0.0,CSV-Schwab,
2022-07-19,2022-07-19,Schwab IRA,META,META PLATFORMS INC CLASS A,BUY,ETF,2.0,175.47,-350.94,0.0,CSV-Schwab,
2022-07-19,2022-07-19,Schwab IRA,SNOW,SNOWFLAKE INC CLASS A,BUY,EQUITY,1.0,145.215,-145.22,0.0,CSV-Schwab,
2022-08-10,2022-08-10,Schwab IRA,LMND,LEMONADE INC,BUY,EQUITY,10.0,27.7718,-277.72,0.0,CSV-Schwab,
2022-08-10,2022-08-10,Schwab IRA,COIN,COINBASE GLOBAL INC CLASS A,SELL,ETF,10.0,83.33,833.28,0.02,CSV-Schwab,
2022-08-16,2022-08-16,Schwab IRA,,BANK INT ...522 SCHWAB BANK,INTEREST,EQUITY,0.0,0.0,0.45,0.0,CSV-Schwab,
2022-08-24,2022-08-24,Schwab IRA,GOOGL,ALPHABET INC. CLASS A,BUY,EQUITY,5.0,114.6,-573.0,0.0,CSV-Schwab,
2022-08-24,2022-08-24,Schwab IRA,SNOW,SNOWFLAKE INC CLASS A,BUY,EQUITY,3.0,159.345,-478.04,0.0,CSV-Schwab,
2022-08-25,2022-08-25,Schwab IRA,XLV,SELECT SECTOR HEALTH CARE SPDR ETF,BUY,ETF,10.0,129.62,-1296.2,0.0,CSV-Schwab,
2022-08-25,2022-08-25,Schwab IRA,GOOGL,ALPHABET INC. CLASS A,BUY,EQUITY,5.0,114.4389,-572.19,0.0,CSV-Schwab,
2022-08-26,2022-08-26,Schwab IRA,CIBR,FIRST TRUST NASDAQ CYBRSCRTY ETF,BUY,ETF,4.0,45.0899,-180.36,0.0,CSV-Schwab,
2022-09-16,2022-09-16,Schwab IRA,,BANK INT ...522 SCHWAB BANK,INTEREST,EQUITY,0.0,0.0,0.27,0.0,CSV-Schwab,
2022-09-22,2022-09-22,Schwab IRA,XLV,SELECT SECTOR HEALTH CARE SPDR ETF,DIVIDEND,ETF,0.0,0.0,5.06,0.0,CSV-Schwab,
2022-09-23,2022-09-23,Schwab IRA,XLV,SELECT SECTOR HEALTH CARE SPDR ETF,REINVEST,ETF,0.0413,122.5299,-5.06,0.0,CSV-Schwab,
2022-09-28,2022-09-28,Schwab IRA,XLV,SELECT SECTOR HEALTH CARE SPDR ETF,SELL,ETF,0.0413,122.07,5.04,0.0,CSV-Schwab,
2022-09-28,2022-09-28,Schwab IRA,XLV,SELECT SECTOR HEALTH CARE SPDR ETF,SELL,ETF,10.0,122.07,1220.67,0.03,CSV-Schwab,
2022-09-30,2022-09-30,Schwab IRA,CIBR,FIRST TRUST NASDAQ CYBRSCRTY ETF,DIVIDEND,BOND,0.0,0.0,3.66,0.0,recon,Q3 2022 CIBR dividend; estimated to reconcile SELL qty 45.5759
2022-09-30,2022-09-30,Schwab IRA,CIBR,FIRST TRUST NASDAQ CYBRSCRTY ETF,REINVEST,ETF,0.0916,39.9563,-3.66,0.0,recon,Q3 2022 CIBR DRIP; reconciling entry — closes gap between recorded lots (45.4843) and SELL qty (45.5759)
2022-10-14,2022-10-14,Schwab IRA,NVDA,NVIDIA CORP,BUY,EQUITY,5.0,113.1901,-565.95,0.0,CSV-Schwab,
2022-10-14,2022-10-14,Schwab IRA,AMZN,AMAZON.COM INC,BUY,EQUITY,2.0,107.385,-214.77,0.0,CSV-Schwab,
2022-10-14,2022-10-14,Schwab IRA,AMZN,AMAZON.COM INC,BUY,EQUITY,3.0,107.385,-322.16,0.0,CSV-Schwab,
2022-10-17,2022-10-17,Schwab IRA,,BANK INT ...522 SCHWAB BANK,INTEREST,EQUITY,0.0,0.0,0.24,0.0,CSV-Schwab,
2022-11-02,2022-11-02,Schwab IRA,NVDA,NVIDIA CORP,SELL,EQUITY,5.0,132.12,660.58,0.02,CSV-Schwab,
2022-11-02,2022-11-02,Schwab IRA,AMZN,AMAZON.COM INC,SELL,EQUITY,5.0,92.47,462.34,0.01,CSV-Schwab,
2022-11-03,2022-11-03,Schwab IRA,IGE,ISHARES NORTH AMER NATL RES ETF,BUY,ETF,32.0,41.1096,-1315.51,0.0,CSV-Schwab,
2022-11-16,2022-11-16,Schwab IRA,,BANK INT ...522 SCHWAB BANK,INTEREST,EQUITY,0.0,0.0,0.08,0.0,CSV-Schwab,
2022-12-06,2022-12-06,Schwab IRA,IGE,ISHARES NORTH AMER NATL RES ETF,SELL,ETF,32.0,40.2911,1289.29,0.03,CSV-Schwab,
2022-12-16,2022-12-16,Schwab IRA,,BANK INT ...522 SCHWAB BANK,INTEREST,EQUITY,0.0,0.0,0.12,0.0,CSV-Schwab,
2022-12-23,2022-12-23,Schwab IRA,TSLA,TESLA INC,BUY,EQUITY,10.0,123.37,-1233.7,0.0,CSV-Schwab,
2022-12-29,2022-12-29,Schwab IRA,GOOGL,ALPHABET INC. CLASS A,SELL,EQUITY,5.0,88.34,441.69,0.01,CSV-Schwab,
2022-12-30,2022-12-30,Schwab IRA,CIBR,FIRST TRUST NASDAQ CYBRSCRTY ETF,DIVIDEND,BOND,0.0,0.0,2.3,0.0,CSV-Schwab,
2022-12-30,2022-12-30,Schwab IRA,TSM,TAIWAN SEMICONDUCTR FSPONSORED ADR 1 ADR REPS 5 ORD SHS,BUY,EQUITY,13.0,74.39,-967.07,0.0,CSV-Schwab,
2022-12-30,2022-12-30,Schwab IRA,LIT,GLOBAL X LITHIUM & BATTERY TECH ETF,SELL,ETF,0.0139,58.3552,0.81,0.0,CSV-Schwab,
2022-12-30,2022-12-30,Schwab IRA,LIT,GLOBAL X LITHIUM & BATTERY TECH ETF,SELL,ETF,5.0,58.3552,291.77,0.01,CSV-Schwab,
2022-12-30,2022-12-30,Schwab IRA,IZRL,ARK ISRAEL INNOVATIVE TECHNOLOGY ETF,SELL,ETF,0.0333,17.09,0.57,0.0,CSV-Schwab,
2022-12-30,2022-12-30,Schwab IRA,IZRL,ARK ISRAEL INNOVATIVE TECHNOLOGY ETF,SELL,ETF,10.0,17.09,170.9,0.0,CSV-Schwab,
2023-01-03,2023-01-03,Schwab IRA,CIBR,FIRST TRUST NASDAQ CYBRSCRTY ETF,REINVEST,ETF,0.0592,38.838,-2.3,0.0,CSV-Schwab,
2023-01-09,2023-01-09,Schwab IRA,LIT,GLOBAL X LITHIUM & BATTERY TECH ETF,DIVIDEND,ETF,0.0,0.0,2.59,0.0,CSV-Schwab,
2023-01-17,2023-01-17,Schwab IRA,,BANK INT ...523 SCHWAB BANK,INTEREST,EQUITY,0.0,0.0,0.18,0.0,CSV-Schwab,
2023-04-13,2023-04-13,Schwab IRA,TSM,TAIWAN SEMICONDUCTR FSPONSORED ADR 1 ADR REPS 5 ORD SHS,FEE,EQUITY,0.0,0.0,-1.23,0.0,CSV-Schwab,
2023-04-13,2023-04-13,Schwab IRA,TSM,TAIWAN SEMICONDUCTR FSPONSORED ADR 1 ADR REPS 5 ORD SHS,DIVIDEND,EQUITY,0.0,0.0,5.86,0.0,CSV-Schwab,
2023-04-24,2023-04-24,Schwab IRA,SNSXX,SCHWAB US TREASURY MONEY INVESTOR,BUY,BOND,587.18,1.0,-587.18,0.0,CSV-Schwab,
2023-04-24,2023-04-24,Schwab IRA,912796ZZ5,US TREASURY BILL23U S T BILL DUE 07/20/23,BUY,BOND,6000.0,98.82,-5929.2,0.0,CSV-Schwab,
2023-04-24,2023-04-24,Schwab IRA,,IRA ROTH CONV,DEPOSIT,CASH,0.0,0.0,6500.0,0.0,CSV-Schwab,
2023-04-26,2023-04-26,Schwab IRA,SNSXX,SCHWAB US TREASURY MONEY INVESTOR,BUY,BOND,244.7,1.0,-244.7,0.0,CSV-Schwab,
2023-04-26,2023-04-26,Schwab IRA,SNOW,SNOWFLAKE INC CLASS A,BUY,EQUITY,5.0,148.77,-743.85,0.0,CSV-Schwab,
2023-04-26,2023-04-26,Schwab IRA,912796ZZ5,US TREASURY BILL23U S T BILL DUE 07/20/23,SELL,BOND,1000.0,98.8549,988.55,0.0,CSV-Schwab,
2023-04-28,2023-04-28,Schwab IRA,COIN,COINBASE GLOBAL INC CLASS A,BUY,ETF,6.0,53.76,-322.56,0.0,CSV-Schwab,
2023-04-28,2023-04-28,Schwab IRA,TSM,TAIWAN SEMICONDUCTR FSPONSORED ADR 1 ADR REPS 5 ORD SHS,BUY,EQUITY,7.0,84.1087,-588.76,0.0,CSV-Schwab,
2023-04-28,2023-04-28,Schwab IRA,912796ZZ5,US TREASURY BILL23U S T BILL DUE 07/20/23,SELL,BOND,1000.0,98.8993,988.99,0.0,CSV-Schwab,
2023-05-03,2023-05-03,Schwab IRA,SNSXX,SCHWAB US TREASURY MONEY INVESTOR,BUY,BOND,77.67,1.0,-77.67,0.0,CSV-Schwab,
2023-05-15,2023-05-15,Schwab IRA,SNSXX,SCHWAB US TREASURY MONEY INVESTOR,DIVIDEND,BOND,0.0,0.0,1.95,0.0,CSV-Schwab,
2023-05-15,2023-05-15,Schwab IRA,SNSXX,SCHWAB US TREASURY MONEY INVESTOR,REINVEST,BOND,1.95,1.0,-1.95,0.0,CSV-Schwab,
2023-05-17,2023-05-17,Schwab IRA,SNSXX,SCHWAB US TREASURY MONEY INVESTOR,SELL,BOND,911.5,1.0,911.5,0.0,CSV-Schwab,
2023-05-26,2023-05-26,Schwab IRA,VHT,VANGUARD HEALTH CARE ETF,BUY,ETF,3.0,235.404,-706.21,0.0,CSV-Schwab,
2023-06-15,2023-06-15,Schwab IRA,SNSXX,SCHWAB US TREASURY MONEY INVESTOR,DIVIDEND,BOND,0.0,0.0,0.2,0.0,CSV-Schwab,
2023-06-16,2023-06-16,Schwab IRA,,BANK INT ...523 SCHWAB BANK,INTEREST,EQUITY,0.0,0.0,0.18,0.0,CSV-Schwab,
2023-06-22,2023-06-22,Schwab IRA,VHT,VANGUARD HEALTH CARE ETF,BUY,ETF,2.0,244.46,-488.92,0.0,CSV-Schwab,
2023-06-22,2023-06-22,Schwab IRA,VFC,VF CORP,BUY,EQUITY,25.0,18.915,-472.88,0.0,CSV-Schwab,
2023-06-22,2023-06-22,Schwab IRA,912796ZZ5,US TREASURY BILL23U S T BILL DUE 07/20/23,SELL,BOND,1000.0,99.6247,996.25,0.0,CSV-Schwab,
2023-06-30,2023-06-30,Schwab IRA,CIBR,FIRST TRUST NASDAQ CYBRSCRTY ETF,DIVIDEND,BOND,0.0,0.0,1.28,0.0,CSV-Schwab,
2023-07-03,2023-07-03,Schwab IRA,CIBR,FIRST TRUST NASDAQ CYBRSCRTY ETF,REINVEST,ETF,0.0282,45.4599,-1.28,0.0,CSV-Schwab,
2023-07-05,2023-07-05,Schwab IRA,VHT,VANGUARD HEALTH CARE ETF,DIVIDEND,ETF,0.0,0.0,4.39,0.0,CSV-Schwab,
2023-07-05,2023-07-05,Schwab IRA,VHT,VANGUARD HEALTH CARE ETF,BUY,ETF,5.0,243.045,-1215.23,0.0,CSV-Schwab,
2023-07-05,2023-07-05,Schwab IRA,912796ZZ5,US TREASURY BILL23U S T BILL DUE 07/20/23,SELL,BOND,1000.0,99.8041,998.04,0.0,CSV-Schwab,
2023-07-06,2023-07-06,Schwab IRA,VHT,VANGUARD HEALTH CARE ETF,REINVEST,ETF,0.0182,240.7354,-4.39,0.0,CSV-Schwab,
2023-07-06,2023-07-06,Schwab IRA,9128284N7,US TREASU NT 2.875%05/28UST NOTE DUE 05/15/28,BUY,BOND,1000.0,93.1143,-935.28,0.0,CSV-Schwab,
2023-07-06,2023-07-06,Schwab IRA,91282CCG4,US TREASUR NT 0.25%06/24UST NOTE DUE 06/15/24,BUY,BOND,1000.0,95.2656,-952.81,0.0,CSV-Schwab,
2023-07-06,2023-07-06,Schwab IRA,912796ZZ5,US TREASURY BILL23U S T BILL DUE 07/20/23,SELL,BOND,2000.0,99.8174,1996.35,0.0,CSV-Schwab,
2023-07-13,2023-07-13,Schwab IRA,TSM,TAIWAN SEMICONDUCTR FSPONSORED ADR 1 ADR REPS 5 ORD SHS,FEE,EQUITY,0.0,0.0,-1.84,0.0,CSV-Schwab,
2023-07-13,2023-07-13,Schwab IRA,TSM,TAIWAN SEMICONDUCTR FSPONSORED ADR 1 ADR REPS 5 ORD SHS,DIVIDEND,EQUITY,0.0,0.0,8.78,0.0,CSV-Schwab,
2023-07-17,2023-07-17,Schwab IRA,,BANK INT ...523 SCHWAB BANK,INTEREST,EQUITY,0.0,0.0,0.07,0.0,CSV-Schwab,
2023-08-16,2023-08-16,Schwab IRA,,BANK INT ...523 SCHWAB BANK,INTEREST,EQUITY,0.0,0.0,0.05,0.0,CSV-Schwab,
2023-09-18,2023-09-18,Schwab IRA,,BANK INT ...523 SCHWAB BANK,INTEREST,EQUITY,0.0,0.0,0.05,0.0,CSV-Schwab,
2023-09-20,2023-09-20,Schwab IRA,VFC,VF CORP,DIVIDEND,EQUITY,0.0,0.0,7.5,0.0,CSV-Schwab,
2023-09-21,2023-09-21,Schwab IRA,VFC,VF CORP,REINVEST,EQUITY,0.4185,17.9206,-7.5,0.0,CSV-Schwab,
2023-09-28,2023-09-28,Schwab IRA,VHT,VANGUARD HEALTH CARE ETF,BUY,ETF,4.0,237.0174,-948.07,0.0,CSV-Schwab,
2023-09-28,2023-09-28,Schwab IRA,TSM,TAIWAN SEMICONDUCTR FSPONSORED ADR 1 ADR REPS 5 ORD SHS,BUY,EQUITY,10.0,85.965,-859.65,0.0,CSV-Schwab,
2023-09-28,2023-09-28,Schwab IRA,91282CCG4,US TREASUR NT 0.25%06/24UST NOTE DUE 06/15/24,SELL,BOND,1000.0,96.357,964.29,0.0,CSV-Schwab,
2023-09-28,2023-09-28,Schwab IRA,9128284N7,US TREASU NT 2.875%05/28UST NOTE DUE 05/15/28,SELL,BOND,1000.0,92.3621,934.32,0.0,CSV-Schwab,
2023-09-29,2023-09-29,Schwab IRA,CIBR,FIRST TRUST NASDAQ CYBRSCRTY ETF,DIVIDEND,BOND,0.0,0.0,0.21,0.0,CSV-Schwab,
2023-10-02,2023-10-02,Schwab IRA,CIBR,FIRST TRUST NASDAQ CYBRSCRTY ETF,REINVEST,ETF,0.0046,45.47,-0.21,0.0,CSV-Schwab,
2023-10-03,2023-10-03,Schwab IRA,VHT,VANGUARD HEALTH CARE ETF,DIVIDEND,ETF,0.0,0.0,8.79,0.0,CSV-Schwab,
2023-10-04,2023-10-04,Schwab IRA,VHT,VANGUARD HEALTH CARE ETF,REINVEST,ETF,0.038,231.4999,-8.79,0.0,CSV-Schwab,
2023-10-06,2023-10-06,Schwab IRA,DEO,DIAGEO PLC FSPONSORED ADR 1 ADR REPS 4 ORD SHS,BUY,EQUITY,4.0,152.17,-608.68,0.0,CSV-Schwab,
2023-10-06,2023-10-06,Schwab IRA,VFC,VF CORP,SELL,EQUITY,25.4185,16.2901,414.07,0.0,CSV-Schwab,
2023-10-12,2023-10-12,Schwab IRA,TSM,TAIWAN SEMICONDUCTR FSPONSORED ADR 1 ADR REPS 5 ORD SHS,FEE,EQUITY,0.0,0.0,-1.95,0.0,CSV-Schwab,
2023-10-12,2023-10-12,Schwab IRA,TSM,TAIWAN SEMICONDUCTR FSPONSORED ADR 1 ADR REPS 5 ORD SHS,DIVIDEND,EQUITY,0.0,0.0,9.3,0.0,CSV-Schwab,
2023-10-16,2023-10-16,Schwab IRA,,BANK INT ...523 SCHWAB BANK,INTEREST,EQUITY,0.0,0.0,0.13,0.0,CSV-Schwab,
2023-11-16,2023-11-16,Schwab IRA,,BANK INT ...523 SCHWAB BANK,INTEREST,EQUITY,0.0,0.0,0.02,0.0,CSV-Schwab,
2023-12-18,2023-12-18,Schwab IRA,,BANK INT ...523 SCHWAB BANK,INTEREST,EQUITY,0.0,0.0,0.02,0.0,CSV-Schwab,
2023-12-22,2023-12-22,Schwab IRA,VHT,VANGUARD HEALTH CARE ETF,DIVIDEND,ETF,0.0,0.0,12.58,0.0,CSV-Schwab,
2023-12-26,2023-12-26,Schwab IRA,VHT,VANGUARD HEALTH CARE ETF,REINVEST,ETF,0.0506,248.4909,-12.58,0.0,CSV-Schwab,
2023-12-29,2023-12-29,Schwab IRA,CIBR,FIRST TRUST NASDAQ CYBRSCRTY ETF,DIVIDEND,BOND,0.0,0.0,4.01,0.0,CSV-Schwab,
2024-01-02,2024-01-02,Schwab IRA,CIBR,FIRST TRUST NASDAQ CYBRSCRTY ETF,REINVEST,ETF,0.076,52.7895,-4.01,0.0,CSV-Schwab,
2024-01-11,2024-01-11,Schwab IRA,TSM,TAIWAN SEMICONDUCTR FSPONSORED ADR 1 ADR REPS 5 ORD SHS,FEE,EQUITY,0.0,0.0,-3.05,0.0,CSV-Schwab,
2024-01-11,2024-01-11,Schwab IRA,TSM,TAIWAN SEMICONDUCTR FSPONSORED ADR 1 ADR REPS 5 ORD SHS,DIVIDEND,EQUITY,0.0,0.0,14.5,0.0,CSV-Schwab,
2024-01-16,2024-01-16,Schwab IRA,,BANK INT ...524 SCHWAB BANK,INTEREST,EQUITY,0.0,0.0,0.02,0.0,CSV-Schwab,
2024-02-16,2024-02-16,Schwab IRA,,BANK INT ...524 SCHWAB BANK,INTEREST,EQUITY,0.0,0.0,0.02,0.0,CSV-Schwab,
2024-02-26,2024-02-26,Schwab IRA,NKE,NIKE INC CLASS B,BUY,EQUITY,10.0,105.59,-1055.9,0.0,CSV-Schwab,
2024-02-26,2024-02-26,Schwab IRA,GOOGL,ALPHABET INC. CLASS A,SELL,EQUITY,15.0,142.43,2136.43,0.02,CSV-Schwab,
2024-03-18,2024-03-18,Schwab IRA,,BANK INT ...524 SCHWAB BANK,INTEREST,EQUITY,0.0,0.0,0.24,0.0,CSV-Schwab,
2024-03-22,2024-03-22,Schwab IRA,NKE,NIKE INC CLASS B,BUY,EQUITY,10.0,93.315,-933.15,0.0,CSV-Schwab,
2024-03-26,2024-03-26,Schwab IRA,META,META PLATFORMS INC CLASS A,REINVEST,ETF,0.0148,505.2426,-7.5,0.0,CSV-Schwab,
2024-03-26,2024-03-26,Schwab IRA,META,META PLATFORMS INC CLASS A,DIVIDEND,ETF,0.0,0.0,7.5,0.0,CSV-Schwab,
2024-03-27,2024-03-27,Schwab IRA,VHT,VANGUARD HEALTH CARE ETF,DIVIDEND,ETF,0.0,0.0,11.55,0.0,CSV-Schwab,
2024-03-28,2024-03-28,Schwab IRA,VHT,VANGUARD HEALTH CARE ETF,REINVEST,ETF,0.0426,270.97,-11.55,0.0,CSV-Schwab,
2024-03-28,2024-03-28,Schwab IRA,CIBR,FIRST TRUST NASDAQ CYBRSCRTY ETF,REINVEST,ETF,0.0103,56.455,-0.58,0.0,CSV-Schwab,
2024-03-28,2024-03-28,Schwab IRA,CIBR,FIRST TRUST NASDAQ CYBRSCRTY ETF,DIVIDEND,BOND,0.0,0.0,0.58,0.0,CSV-Schwab,
2024-04-01,2024-04-01,Schwab IRA,NKE,NIKE INC CLASS B,DIVIDEND,EQUITY,0.0,0.0,3.7,0.0,CSV-Schwab,
2024-04-02,2024-04-02,Schwab IRA,NKE,NIKE INC CLASS B,REINVEST,EQUITY,0.0405,91.3097,-3.7,0.0,CSV-Schwab,
2024-04-08,2024-04-08,Schwab IRA,DEO,DIAGEO PLC FSPONSORED ADR 1 ADR REPS 4 ORD SHS,SELL,EQUITY,4.0,143.88,575.52,0.0,CSV-Schwab,
2024-04-11,2024-04-11,Schwab IRA,TSM,TAIWAN SEMICONDUCTR FSPONSORED ADR 1 ADR REPS 5 ORD SHS,FEE,EQUITY,0.0,0.0,-3.44,0.0,CSV-Schwab,
2024-04-11,2024-04-11,Schwab IRA,TSM,TAIWAN SEMICONDUCTR FSPONSORED ADR 1 ADR REPS 5 ORD SHS,DIVIDEND,EQUITY,0.0,0.0,16.37,0.0,CSV-Schwab,
2024-04-16,2024-04-16,Schwab IRA,,BANK INT ...524 SCHWAB BANK,INTEREST,EQUITY,0.0,0.0,0.23,0.0,CSV-Schwab,
2024-04-17,2024-04-17,Schwab IRA,DEO,DIAGEO PLC FSPONSORED ADR 1 ADR REPS 4 ORD SHS,DIVIDEND,EQUITY,0.0,0.0,6.48,0.0,CSV-Schwab,
2024-04-17,2024-04-17,Schwab IRA,DEO,DIAGEO PLC FSPONSORED ADR 1 ADR REPS 4 ORD SHS,FEE,EQUITY,0.0,0.0,-0.04,0.0,CSV-Schwab,
2024-04-23,2024-04-23,Schwab IRA,TSLA,TESLA INC,BUY,EQUITY,5.0,161.3,-806.5,0.0,CSV-Schwab,
2024-04-23,2024-04-23,Schwab IRA,PRNT,3D PRINTING ETF,SELL,ETF,1.0,19.9,19.9,0.0,CSV-Schwab,
2024-04-24,2024-04-24,Schwab IRA,TSLA,TESLA INC,BUY,EQUITY,5.0,160.92,-804.6,0.0,CSV-Schwab,
2024-04-24,2024-04-24,Schwab IRA,ARKF,ARK FINTECH INNOVATION ETF,SELL,ETF,9.0,28.2006,253.81,0.0,CSV-Schwab,
2024-04-24,2024-04-24,Schwab IRA,ARKQ,ARK AUTONOMOUS TECH RBTCS ETF,SELL,ETF,7.0554,51.8397,365.75,0.0,CSV-Schwab,
2024-04-24,2024-04-24,Schwab IRA,PRNT,3D PRINTING ETF,SELL,ETF,11.0003,21.2003,233.21,0.0,CSV-Schwab,
2024-04-25,2024-04-25,Schwab IRA,GOOGL,ALPHABET INC. CLASS A,SELL,EQUITY,2.0,174.99,349.98,0.0,CSV-Schwab,
2024-04-25,2024-04-25,Schwab IRA,META,META PLATFORMS INC CLASS A,BUY,ETF,3.0,426.32,-1278.96,0.0,CSV-Schwab,
2024-04-25,2024-04-25,Schwab IRA,GOOGL,ALPHABET INC. CLASS A,SELL,EQUITY,8.0,152.76,1222.07,0.01,CSV-Schwab,
2024-05-16,2024-05-16,Schwab IRA,,BANK INT ...524 SCHWAB BANK,INTEREST,EQUITY,0.0,0.0,0.16,0.0,CSV-Schwab,
2024-05-23,2024-05-23,Schwab IRA,VHT,VANGUARD HEALTH CARE ETF,TRANSFER_IN,ETF,4.0193,267.39,0.0,0.0,CSV-Schwab,
2024-05-23,2024-05-23,Schwab IRA,ARKG,ARK GENOMIC REVOLUTION ETF,TRANSFER_IN,ETF,3.0,26.29,0.0,0.0,CSV-Schwab,
2024-05-23,2024-05-23,Schwab IRA,COIN,COINBASE GLOBAL INC CLASS A,TRANSFER_IN,ETF,6.0,328.25,-1969.5,0.0,CSV-Schwab,"401k rollover; actual cost basis ,292.06 total for 12 shares; TRANSFER_IN portion = ,969.50 (was /bin/bash market-price placeholder)"
2024-05-23,2024-05-23,Schwab IRA,SNOW,SNOWFLAKE INC CLASS A,TRANSFER_IN,EQUITY,4.0,367.445,-1469.78,0.0,CSV-Schwab,"401k rollover; actual cost basis ,382.04 total for 35 shares; TRANSFER_IN portion = ,469.78 (was /bin/bash market-price placeholder)"
2024-05-23,2024-05-23,Schwab IRA,CIBR,FIRST TRUST NASDAQ CYBRSCRTY ETF,TRANSFER_IN,ETF,21.1572,55.75,0.0,0.0,CSV-Schwab,
2024-05-23,2024-05-23,Schwab IRA,,JOURNAL FRM ...825,DEPOSIT,CASH,0.0,0.0,145.96,0.0,CSV-Schwab,
2024-05-28,2024-05-28,Schwab IRA,ARKG,ARK GENOMIC REVOLUTION ETF,SELL,ETF,10.0438,25.5192,256.3,0.01,CSV-Schwab,
2024-05-28,2024-05-28,Schwab IRA,ARKF,ARK FINTECH INNOVATION ETF,SELL,ETF,15.0,27.5301,412.94,0.01,CSV-Schwab,
2024-05-31,2024-05-31,Schwab IRA,,IRA ROTH CONV,DEPOSIT,CASH,0.0,0.0,0.01,0.0,CSV-Schwab,
2024-06-12,2024-06-12,Schwab IRA,SNOW,SNOWFLAKE INC CLASS A,BUY,EQUITY,5.0,130.72,-653.6,0.0,CSV-Schwab,
2024-06-17,2024-06-17,Schwab IRA,,BANK INT ...524 SCHWAB BANK,INTEREST,EQUITY,0.0,0.0,0.3,0.0,CSV-Schwab,
2024-06-26,2024-06-26,Schwab IRA,META,META PLATFORMS INC CLASS A,REINVEST,ETF,0.0176,511.6437,-9.01,0.0,CSV-Schwab,
2024-06-26,2024-06-26,Schwab IRA,META,META PLATFORMS INC CLASS A,DIVIDEND,ETF,0.0,0.0,9.01,0.0,CSV-Schwab,
2024-06-28,2024-06-28,Schwab IRA,CIBR,FIRST TRUST NASDAQ CYBRSCRTY ETF,REINVEST,ETF,0.053,56.739,-3.01,0.0,CSV-Schwab,
2024-06-28,2024-06-28,Schwab IRA,NKE,NIKE INC CLASS B,BUY,EQUITY,6.0,75.425,-452.55,0.0,CSV-Schwab,
2024-06-28,2024-06-28,Schwab IRA,CIBR,FIRST TRUST NASDAQ CYBRSCRTY ETF,DIVIDEND,BOND,0.0,0.0,3.01,0.0,CSV-Schwab,
2024-07-01,2024-07-01,Schwab IRA,NKE,NIKE INC CLASS B,REINVEST,EQUITY,0.0979,75.7177,-7.41,0.0,CSV-Schwab,
2024-07-01,2024-07-01,Schwab IRA,NKE,NIKE INC CLASS B,DIVIDEND,EQUITY,0.0,0.0,7.41,0.0,CSV-Schwab,
2024-07-02,2024-07-02,Schwab IRA,VHT,VANGUARD HEALTH CARE ETF,REINVEST,ETF,0.0668,262.68,-17.54,0.0,CSV-Schwab,
2024-07-02,2024-07-02,Schwab IRA,VHT,VANGUARD HEALTH CARE ETF,DIVIDEND,ETF,0.0,0.0,17.54,0.0,CSV-Schwab,
2024-07-11,2024-07-11,Schwab IRA,TSM,TAIWAN SEMICONDUCTR FSPONSORED ADR 1 ADR REPS 5 ORD SHS,FEE,EQUITY,0.0,0.0,-3.4,0.0,CSV-Schwab,
2024-07-11,2024-07-11,Schwab IRA,TSM,TAIWAN SEMICONDUCTR FSPONSORED ADR 1 ADR REPS 5 ORD SHS,DIVIDEND,EQUITY,0.0,0.0,16.2,0.0,CSV-Schwab,
2024-07-15,2024-07-15,Schwab IRA,NKE,NIKE INC CLASS B,BUY,EQUITY,1.0,71.9199,-71.92,0.0,CSV-Schwab,
2024-07-16,2024-07-16,Schwab IRA,GSL,GLOBAL SHIP LEASE FCLASS A,BUY,EQUITY,21.0,26.07,-547.47,0.0,CSV-Schwab,
2024-07-16,2024-07-16,Schwab IRA,VHT,VANGUARD HEALTH CARE ETF,SELL,ETF,2.0,274.3115,548.6,0.02,CSV-Schwab,
2024-07-16,2024-07-16,Schwab IRA,,BANK INT ...524 SCHWAB BANK,INTEREST,EQUITY,0.0,0.0,0.11,0.0,CSV-Schwab,
2024-08-06,2024-08-06,Schwab IRA,NKE,NIKE INC CLASS B,BUY,EQUITY,3.0,73.062,-219.19,0.0,CSV-Schwab,
2024-08-06,2024-08-06,Schwab IRA,CELH,CELSIUS HOLDINGS INC,BUY,EQUITY,15.0,42.69,-640.35,0.0,CSV-Schwab,
2024-08-06,2024-08-06,Schwab IRA,,IRA ROTH CONV,DEPOSIT,CASH,0.0,0.0,3000.0,0.0,CSV-Schwab,
2024-08-16,2024-08-16,Schwab IRA,,BANK INT ...524 SCHWAB BANK,INTEREST,EQUITY,0.0,0.0,0.27,0.0,CSV-Schwab,
2024-09-04,2024-09-04,Schwab IRA,GSL,GLOBAL SHIP LEASE FCLASS A,DIVIDEND,EQUITY,0.0,0.0,1.58,0.0,CSV-Schwab,
2024-09-04,2024-09-04,Schwab IRA,GSL,GLOBAL SHIP LEASE FCLASS A,DIVIDEND,EQUITY,0.0,0.0,7.88,0.0,CSV-Schwab,
2024-09-05,2024-09-05,Schwab IRA,GSL,GLOBAL SHIP LEASE FCLASS A,REINVEST,EQUITY,0.3266,24.1299,-7.88,0.0,CSV-Schwab,
2024-09-16,2024-09-16,Schwab IRA,,BANK INT ...524 SCHWAB BANK,INTEREST,EQUITY,0.0,0.0,0.82,0.0,CSV-Schwab,
2024-09-26,2024-09-26,Schwab IRA,META,META PLATFORMS INC CLASS A,REINVEST,ETF,0.0158,572.2367,-9.02,0.0,CSV-Schwab,
2024-09-26,2024-09-26,Schwab IRA,META,META PLATFORMS INC CLASS A,DIVIDEND,ETF,0.0,0.0,9.02,0.0,CSV-Schwab,
2024-09-30,2024-09-30,Schwab IRA,CIBR,FIRST TRUST NASDAQ CYBRSCRTY ETF,REINVEST,ETF,0.0083,59.08,-0.49,0.0,CSV-Schwab,
2024-09-30,2024-09-30,Schwab IRA,CIBR,FIRST TRUST NASDAQ CYBRSCRTY ETF,DIVIDEND,BOND,0.0,0.0,0.49,0.0,CSV-Schwab,
2024-10-01,2024-10-01,Schwab IRA,VHT,VANGUARD HEALTH CARE ETF,REINVEST,ETF,0.0675,280.46,-18.94,0.0,CSV-Schwab,
2024-10-01,2024-10-01,Schwab IRA,NKE,NIKE INC CLASS B,REINVEST,EQUITY,0.1261,88.3906,-11.15,0.0,CSV-Schwab,
2024-10-01,2024-10-01,Schwab IRA,NKE,NIKE INC CLASS B,DIVIDEND,EQUITY,0.0,0.0,11.15,0.0,CSV-Schwab,
2024-10-01,2024-10-01,Schwab IRA,VHT,VANGUARD HEALTH CARE ETF,DIVIDEND,ETF,0.0,0.0,18.94,0.0,CSV-Schwab,
2024-10-04,2024-10-04,Schwab IRA,CELH,CELSIUS HLDGS INC,BUY,EQUITY,15.0,29.98,-449.7,0.0,CSV-Schwab,
2024-10-04,2024-10-04,Schwab IRA,SNOW,SNOWFLAKE INC CLASS A,BUY,EQUITY,10.0,111.6375,-1116.38,0.0,CSV-Schwab,
2024-10-09,2024-10-09,Schwab IRA,TSM,TAIWAN SEMICONDUCTOR M FSPONSORED ADR 1 ADR REPS 5 ORD SHS,FEE,EQUITY,0.0,0.0,-3.94,0.0,CSV-Schwab,
2024-10-09,2024-10-09,Schwab IRA,TSM,TAIWAN SEMICONDUCTOR M FSPONSORED ADR 1 ADR REPS 5 ORD SHS,DIVIDEND,EQUITY,0.0,0.0,18.74,0.0,CSV-Schwab,
2024-10-16,2024-10-16,Schwab IRA,,BANK INT ...524 SCHWAB BANK,INTEREST,EQUITY,0.0,0.0,0.32,0.0,CSV-Schwab,
2024-11-18,2024-11-18,Schwab IRA,,BANK INT ...524 SCHWAB BANK,INTEREST,EQUITY,0.0,0.0,0.09,0.0,CSV-Schwab,
2024-11-21,2024-11-21,Schwab IRA,GSL,GLOBAL SHIP LEASE INC FCLASS A,SELL,EQUITY,21.3266,22.7852,485.92,0.01,CSV-Schwab,
2024-12-16,2024-12-16,Schwab IRA,,BANK INT ...524 SCHWAB BANK,INTEREST,EQUITY,0.0,0.0,0.08,0.0,CSV-Schwab,
2024-12-20,2024-12-20,Schwab IRA,VHT,VANGUARD HEALTH CARE ETF,REINVEST,ETF,0.0591,253.65,-14.98,0.0,CSV-Schwab,
2024-12-20,2024-12-20,Schwab IRA,CELH,CELSIUS HLDGS INC,BUY,EQUITY,10.0,27.6099,-276.1,0.0,CSV-Schwab,
2024-12-20,2024-12-20,Schwab IRA,NKE,NIKE INC CLASS B,BUY,EQUITY,10.0,76.04,-760.4,0.0,CSV-Schwab,
2024-12-20,2024-12-20,Schwab IRA,VHT,VANGUARD HEALTH CARE ETF,DIVIDEND,ETF,0.0,0.0,14.98,0.0,CSV-Schwab,
2024-12-27,2024-12-27,Schwab IRA,META,META PLATFORMS INC CLASS A,REINVEST,ETF,0.0152,592.2147,-9.02,0.0,CSV-Schwab,
2024-12-27,2024-12-27,Schwab IRA,META,META PLATFORMS INC CLASS A,DIVIDEND,ETF,0.0,0.0,9.02,0.0,CSV-Schwab,
2024-12-30,2024-12-30,Schwab IRA,912797MU8,US TREASURY BILL25U S T BILL DUE 03/27/25,BUY,BOND,4000.0,99.0022,-3960.09,0.0,CSV-Schwab,
2024-12-30,2024-12-30,Schwab IRA,,IRA ROTH CONV,DEPOSIT,CASH,0.0,0.0,4000.0,0.0,CSV-Schwab,
2024-12-31,2024-12-31,Schwab IRA,CIBR,FIRST TRUST NASDAQ CYBRSCRTY ETF,REINVEST,ETF,0.0581,63.6868,-3.7,0.0,CSV-Schwab,
2024-12-31,2024-12-31,Schwab IRA,,IRA ROTH CONV,DEPOSIT,CASH,0.0,0.0,0.02,0.0,CSV-Schwab,
2024-12-31,2024-12-31,Schwab IRA,CIBR,FIRST TRUST NASDAQ CYBRSCRTY ETF,DIVIDEND,BOND,0.0,0.0,3.7,0.0,CSV-Schwab,
2025-01-02,2025-01-02,Schwab IRA,NKE,NIKE INC CLASS B,REINVEST,EQUITY,0.1612,75.1279,-12.11,0.0,CSV-Schwab,
2025-01-02,2025-01-02,Schwab IRA,NKE,NIKE INC CLASS B,DIVIDEND,EQUITY,0.0,0.0,12.11,0.0,CSV-Schwab,
2025-01-09,2025-01-09,Schwab IRA,TSM,TAIWAN SEMICONDUCTOR M FSPONSORED ADR 1 ADR REPS 5 ORD SHS,FEE,EQUITY,0.0,0.0,-3.83,0.0,CSV-Schwab,
2025-01-09,2025-01-09,Schwab IRA,TSM,TAIWAN SEMICONDUCTOR M FSPONSORED ADR 1 ADR REPS 5 ORD SHS,DIVIDEND,EQUITY,0.0,0.0,18.24,0.0,CSV-Schwab,
2025-01-16,2025-01-16,Schwab IRA,,BANK INT ...525 SCHWAB BANK,INTEREST,EQUITY,0.0,0.0,0.02,0.0,CSV-Schwab,
2025-01-21,2025-01-21,Schwab IRA,MTCH,MATCH GROUP INC NEW,BUY,EQUITY,50.0,33.0248,-1651.24,0.0,CSV-Schwab,
2025-01-21,2025-01-21,Schwab IRA,DE,DEERE & CO,BUY,EQUITY,5.0,457.1099,-2285.55,0.0,CSV-Schwab,
2025-01-21,2025-01-21,Schwab IRA,912797MU8,US TREASURY BILL25U S T BILL DUE 03/27/25,SELL,BOND,4000.0,99.2502,3970.01,0.0,CSV-Schwab,
2025-02-18,2025-02-18,Schwab IRA,,BANK INT ...525 SCHWAB BANK,INTEREST,EQUITY,0.0,0.0,0.01,0.0,CSV-Schwab,
2025-03-10,2025-03-10,Schwab IRA,META,META PLATFORMS INC CLASS A,BUY,ETF,2.0,589.94,-1179.88,0.0,CSV-Schwab,
2025-03-10,2025-03-10,Schwab IRA,CELH,CELSIUS HLDGS INC,SELL,EQUITY,40.0,27.6896,1107.54,0.04,CSV-Schwab,
2025-03-17,2025-03-17,Schwab IRA,VHT,VANGUARD HEALTH CARE ETF,SELL,ETF,0.3621,264.68,95.84,0.0,CSV-Schwab,
2025-03-17,2025-03-17,Schwab IRA,DE,DEERE & CO,BUY,EQUITY,5.0,477.5,-2387.5,0.0,CSV-Schwab,
2025-03-17,2025-03-17,Schwab IRA,VHT,VANGUARD HEALTH CARE ETF,SELL,ETF,10.0,262.27,2622.63,0.07,CSV-Schwab,
2025-03-17,2025-03-17,Schwab IRA,CELH,CELSIUS HLDGS INC,BUY,EQUITY,50.0,27.1,-1355.0,0.0,CSV-Schwab,
2025-03-17,2025-03-17,Schwab IRA,VHT,VANGUARD HEALTH CARE ETF,SELL,ETF,6.0,262.2601,1573.52,0.04,CSV-Schwab,
2025-03-26,2025-03-26,Schwab IRA,META,META PLATFORMS INC CLASS A,REINVEST,ETF,0.0172,613.0911,-10.53,0.0,CSV-Schwab,
2025-03-26,2025-03-26,Schwab IRA,META,META PLATFORMS INC CLASS A,DIVIDEND,ETF,0.0,0.0,10.53,0.0,CSV-Schwab,
2025-03-31,2025-03-31,Schwab IRA,CIBR,FIRST TRUST NASDAQ CYBRSCRTY ETF,REINVEST,ETF,0.0032,62.1292,-0.2,0.0,CSV-Schwab,
2025-03-31,2025-03-31,Schwab IRA,CIBR,FIRST TRUST NASDAQ CYBRSCRTY ETF,DIVIDEND,BOND,0.0,0.0,0.2,0.0,CSV-Schwab,
2025-04-01,2025-04-01,Schwab IRA,NKE,NIKE INC CLASS B,REINVEST,EQUITY,0.2543,63.5868,-16.17,0.0,CSV-Schwab,
2025-04-01,2025-04-01,Schwab IRA,NKE,NIKE INC CLASS B,DIVIDEND,EQUITY,0.0,0.0,16.17,0.0,CSV-Schwab,
2025-04-02,2025-04-02,Schwab IRA,NKE,NIKE INC CLASS B,BUY,EQUITY,10.0,60.9,-609.0,0.0,CSV-Schwab,
2025-04-04,2025-04-04,Schwab IRA,META,META PLATFORMS INC CLASS A,BUY,ETF,4.0,511.0,-2044.0,0.0,CSV-Schwab,
2025-04-04,2025-04-04,Schwab IRA,MTCH,MATCH GROUP INC NEW,SELL,EQUITY,50.0,29.25,1462.45,0.05,CSV-Schwab,
2025-04-04,2025-04-04,Schwab IRA,CIBR,FIRST TRUST NASDAQ CYBRSCRTY ETF,SELL,ETF,45.5759,59.0,2688.9,0.08,CSV-Schwab,
2025-04-07,2025-04-07,Schwab IRA,META,META PLATFORMS INC CLASS A,BUY,ETF,3.0,484.73,-1454.19,0.0,CSV-Schwab,
2025-04-07,2025-04-07,Schwab IRA,TSM,TAIWAN SEMICONDUCTOR M FSPONSORED ADR 1 ADR REPS 5 ORD SHS,BUY,EQUITY,15.0,138.616,-2079.24,0.0,CSV-Schwab,
2025-04-07,2025-04-07,Schwab IRA,,IRA ROTH CONV,DEPOSIT,CASH,0.0,0.0,7000.0,0.0,CSV-Schwab,
2025-04-10,2025-04-10,Schwab IRA,TSM,TAIWAN SEMICONDUCTOR M FSPONSORED ADR 1 ADR REPS 5 ORD SHS,FEE,EQUITY,0.0,0.0,-4.27,0.0,CSV-Schwab,
2025-04-10,2025-04-10,Schwab IRA,TSM,TAIWAN SEMICONDUCTOR M FSPONSORED ADR 1 ADR REPS 5 ORD SHS,DIVIDEND,EQUITY,0.0,0.0,20.33,0.0,CSV-Schwab,
2025-04-16,2025-04-16,Schwab IRA,,BANK INT ...525 SCHWAB BANK,INTEREST,EQUITY,0.0,0.0,0.09,0.0,CSV-Schwab,
2025-04-17,2025-04-17,Schwab IRA,MTCH,MATCH GROUP INC NEW,DIVIDEND,EQUITY,0.0,0.0,9.5,0.0,CSV-Schwab,
2025-05-08,2025-05-08,Schwab IRA,DE,DEERE & CO,REINVEST,EQUITY,0.0337,480.4427,-16.2,0.0,CSV-Schwab,
2025-05-08,2025-05-08,Schwab IRA,DE,DEERE & CO,DIVIDEND,EQUITY,0.0,0.0,16.2,0.0,CSV-Schwab,
2025-05-13,2025-05-13,Schwab IRA,912797QL4,US TREASURY BILL25U S T BILL DUE 08/26/25,BUY,BOND,1000.0,98.7664,-987.66,0.0,CSV-Schwab,
2025-05-13,2025-05-13,Schwab IRA,91282CKR1,US TREASUR NT 4.5%05/27UST NOTE DUE 05/15/27,BUY,BOND,1000.0,100.8942,-1031.32,0.0,CSV-Schwab,
2025-05-13,2025-05-13,Schwab IRA,91282CLS8,US TREASU NT 4.125%10/26UST NOTE DUE 10/31/26,BUY,BOND,1000.0,100.0312,-1001.88,0.0,CSV-Schwab,
2025-05-13,2025-05-13,Schwab IRA,91282CBW0,US TREASUR NT 0.75%04/26UST NOTE DUE 04/30/26,BUY,BOND,1000.0,96.8164,-968.45,0.0,CSV-Schwab,
2025-05-13,2025-05-13,Schwab IRA,9128285J5,US TREASUR NT 3%10/25UST NOTE DUE 10/31/25,BUY,BOND,1000.0,99.4258,-995.4,0.0,CSV-Schwab,
2025-05-15,2025-05-15,Schwab IRA,91282CKR1,US TREASUR NT 4.5%05/27UST NOTE DUE 05/15/27,INTEREST,BOND,0.0,0.0,22.5,0.0,CSV-Schwab,
2025-05-16,2025-05-16,Schwab IRA,,BANK INT ...525 SCHWAB BANK,INTEREST,EQUITY,0.0,0.0,0.22,0.0,CSV-Schwab,
2025-05-19,2025-05-19,Schwab IRA,RRX,REGAL REXNORD CORP,BUY,EQUITY,10.0,142.225,-1422.25,0.0,CSV-Schwab,
2025-05-19,2025-05-19,Schwab IRA,912797QL4,US TREASURY BILL25U S T BILL DUE 08/26/25,SELL,BOND,1000.0,98.8401,988.4,0.0,CSV-Schwab,
2025-06-09,2025-06-09,Schwab IRA,MTCH,MATCH GROUP INC NEW,BUY,EQUITY,37.0,32.05,-1185.85,0.0,CSV-Schwab,
2025-06-09,2025-06-09,Schwab IRA,9128285J5,US TREASUR NT 3%10/25UST NOTE DUE 10/31/25,SELL,BOND,1000.0,99.4844,998.18,0.0,CSV-Schwab,
2025-06-16,2025-06-16,Schwab IRA,,BANK INT ...525 SCHWAB BANK,INTEREST,EQUITY,0.0,0.0,0.01,0.0,CSV-Schwab,
2025-06-26,2025-06-26,Schwab IRA,META,META PLATFORMS INC CLASS A,REINVEST,ETF,0.0197,721.3403,-14.22,0.0,CSV-Schwab,
2025-06-26,2025-06-26,Schwab IRA,META,META PLATFORMS INC CLASS A,DIVIDEND,ETF,0.0,0.0,14.22,0.0,CSV-Schwab,
2025-07-01,2025-07-01,Schwab IRA,NKE,NIKE INC CLASS B,REINVEST,EQUITY,0.275,73.7189,-20.27,0.0,CSV-Schwab,
2025-07-01,2025-07-01,Schwab IRA,NKE,NIKE INC CLASS B,DIVIDEND,EQUITY,0.0,0.0,20.27,0.0,CSV-Schwab,
2025-07-10,2025-07-10,Schwab IRA,TSM,TAIWAN SEMICONDUCTOR M FSPONSORED ADR 1 ADR REPS 5 ORD SHS,FEE,EQUITY,0.0,0.0,-7.37,0.0,CSV-Schwab,
2025-07-10,2025-07-10,Schwab IRA,TSM,TAIWAN SEMICONDUCTOR M FSPONSORED ADR 1 ADR REPS 5 ORD SHS,DIVIDEND,EQUITY,0.0,0.0,35.11,0.0,CSV-Schwab,
2025-07-14,2025-07-14,Schwab IRA,RRX,REGAL REXNORD CORP,DIVIDEND,EQUITY,0.0,0.0,3.5,0.0,CSV-Schwab,
2025-07-16,2025-07-17,Robinhood,OPEN,OPEN 7/18/2025 Call $1.50,OPTION_BUY,OPTION,6.0,0.09,-54.25,0.0,CSV-Robinhood,
2025-07-16,2025-07-17,Robinhood,OPEN,OPEN 7/18/2025 Call $1.50,OPTION_BUY,OPTION,1.0,0.09,-9.04,0.0,CSV-Robinhood,
2025-07-16,2025-07-17,Robinhood,OPEN,OPEN 7/18/2025 Call $1.50,OPTION_BUY,OPTION,1.0,0.09,-9.04,0.0,CSV-Robinhood,
2025-07-16,2025-07-17,Robinhood,OPEN,OPEN 7/18/2025 Call $1.50,OPTION_BUY,OPTION,1.0,0.09,-9.04,0.0,CSV-Robinhood,
2025-07-16,2025-07-17,Robinhood,OPEN,OPEN 7/18/2025 Call $1.50,OPTION_BUY,OPTION,1.0,0.09,-9.04,0.0,CSV-Robinhood,
2025-07-16,2025-07-16,Robinhood,,Instant bank transfer - account ending in 5731,DEPOSIT,CASH,0.0,0.0,100.0,0.0,CSV-Robinhood,
2025-07-17,2025-07-18,Robinhood,OPEN,OPEN 7/18/2025 Call $1.50,OPTION_SELL,OPTION,5.0,0.24,119.78,0.0,CSV-Robinhood,
2025-07-17,2025-07-18,Robinhood,OPEN,OPEN 7/18/2025 Call $1.50,OPTION_SELL,OPTION,1.0,0.23,22.95,0.0,CSV-Robinhood,
2025-07-17,2025-07-18,Robinhood,OPEN,OPEN 7/18/2025 Call $1.50,OPTION_SELL,OPTION,4.0,0.28,111.83,0.0,CSV-Robinhood,
2025-07-18,2025-07-21,Robinhood,RIVN,RIVN 7/25/2025 Call $15.00,OPTION_BUY,OPTION,1.0,0.09,-9.04,0.0,CSV-Robinhood,
2025-07-18,2025-07-21,Robinhood,OPEN,OPEN 1/16/2026 Call $1.00,OPTION_BUY,OPTION,1.0,1.27,-127.04,0.0,CSV-Robinhood,
2025-07-18,2025-07-21,Robinhood,OPEN,OPEN 1/16/2026 Call $1.00,OPTION_BUY,OPTION,1.0,1.27,-127.04,0.0,CSV-Robinhood,
2025-07-18,2025-07-18,Schwab IRA,MTCH,MATCH GROUP INC NEW,DIVIDEND,EQUITY,0.0,0.0,7.03,0.0,CSV-Schwab,
2025-07-21,2025-07-22,Robinhood,OPEN,OPEN 1/16/2026 Call $1.00,OPTION_BUY,OPTION,1.0,3.0,-300.04,0.0,CSV-Robinhood,
2025-07-21,2025-07-22,Robinhood,OPEN,OPEN 1/16/2026 Call $1.00,OPTION_SELL,OPTION,1.0,3.5,349.95,0.0,CSV-Robinhood,
2025-07-21,2025-07-22,Robinhood,OPEN,OPEN 1/16/2026 Call $1.00,OPTION_SELL,OPTION,1.0,2.5,249.95,0.0,CSV-Robinhood,
2025-07-25,2025-07-28,Robinhood,RIVN,Option Expiration for RIVN 7/25/2025 Call $15.00,OPTION_EXPIRE,OPTION,0.0,0.0,0.0,0.0,CSV-Robinhood,Option Expiration for RIVN 7/25/2025 Call $15.00
2025-07-25,2025-07-25,Robinhood,,Instant bank transfer - account ending in 5731,DEPOSIT,CASH,0.0,0.0,50.0,0.0,CSV-Robinhood,
2025-07-25,2025-07-28,Robinhood,,ACH Deposit,DEPOSIT,CASH,0.0,0.0,50.0,0.0,CSV-Robinhood,
2025-07-25,2025-07-28,Robinhood,,ACH Deposit,DEPOSIT,CASH,0.0,0.0,1000.0,0.0,CSV-Robinhood,
2025-07-25,2025-07-25,Schwab IRA,LVMUY,LVMH MOET HENNESSY LOU FSPONSORED ADR 1 ADR REPS 0.2 ORD SHS,BUY,EQUITY,40.0,112.91,-4541.42,25.02,CSV-Schwab,
2025-07-25,2025-07-25,Schwab IRA,91282CBW0,US TREASUR NT 0.75%04/26UST NOTE DUE 04/30/26,SELL,BOND,1000.0,97.4525,976.34,0.0,CSV-Schwab,
2025-07-25,2025-07-25,Schwab IRA,91282CLS8,US TREASU NT 4.125%10/26UST NOTE DUE 10/31/26,SELL,BOND,1000.0,100.0482,1010.46,0.0,CSV-Schwab,
2025-07-25,2025-07-25,Schwab IRA,91282CKR1,US TREASUR NT 4.5%05/27UST NOTE DUE 05/15/27,SELL,BOND,1000.0,100.9444,1018.49,0.0,CSV-Schwab,
2025-07-25,2025-07-25,Schwab IRA,RRX,REGAL REXNORD CORP,SELL,EQUITY,10.0,154.71,1547.1,0.0,CSV-Schwab,
2025-07-31,2025-08-01,Robinhood,FIG,"Figma
CUSIP: 316841105",BUY,EQUITY,1.0,33.0,-33.0,0.0,CSV-Robinhood,
2025-08-08,2025-08-08,Schwab IRA,DE,DEERE & CO,REINVEST,EQUITY,0.0315,515.3783,-16.25,0.0,CSV-Schwab,
2025-08-08,2025-08-08,Schwab IRA,DE,DEERE & CO,DIVIDEND,EQUITY,0.0,0.0,16.25,0.0,CSV-Schwab,
2025-08-25,2025-08-26,Robinhood,OPEN,OPEN 1/16/2026 Call $1.00,OPTION_EXERCISE,OPTION,0.0,0.0,0.0,0.0,CSV-Robinhood,OPEN 1/16/2026 Call $1.00
2025-08-25,2025-08-26,Robinhood,OPEN,"Opendoor Technologies
CUSIP: 683712103
1 OPEN Option Exercised",BUY,EQUITY,100.0,1.0,-100.0,0.0,CSV-Robinhood,
2025-09-04,2025-09-05,Robinhood,OPEN,"Opendoor Technologies
CUSIP: 683712103",SELL,EQUITY,100.0,6.01,601.35,0.0,CSV-Robinhood,
2025-09-05,2025-09-08,Robinhood,,ACH Deposit,DEPOSIT,CASH,0.0,0.0,205.0,0.0,CSV-Robinhood,
2025-09-10,2025-09-11,Robinhood,PATH,PATH 1/16/2026 Call $15.00,OPTION_BUY,OPTION,2.0,0.42,-84.08,0.0,CSV-Robinhood,
2025-09-18,2025-09-19,Robinhood,,ACH Deposit,DEPOSIT,CASH,0.0,0.0,205.0,0.0,CSV-Robinhood,
2025-09-22,2025-09-23,Robinhood,PATH,PATH 1/16/2026 Call $15.00,OPTION_SELL,OPTION,2.0,0.95,189.91,0.0,CSV-Robinhood,
2025-09-29,2025-09-29,Schwab IRA,META,META PLATFORMS INC CLASS A,REINVEST,ETF,0.0191,744.6667,-14.23,0.0,CSV-Schwab,
2025-09-29,2025-09-29,Schwab IRA,META,META PLATFORMS INC CLASS A,DIVIDEND,ETF,0.0,0.0,14.23,0.0,CSV-Schwab,
2025-10-01,2025-10-02,Robinhood,,ACH Deposit,DEPOSIT,CASH,0.0,0.0,205.0,0.0,CSV-Robinhood,
2025-10-01,2025-10-01,Schwab IRA,NKE,NIKE INC CLASS CLASS B,REINVEST,EQUITY,0.2835,71.8881,-20.38,0.0,CSV-Schwab,
2025-10-01,2025-10-01,Schwab IRA,NKE,NIKE INC CLASS CLASS B,DIVIDEND,EQUITY,0.0,0.0,20.38,0.0,CSV-Schwab,
2025-10-09,2025-10-09,Schwab IRA,TSM,TAIWAN SEMICONDUCTOR M FSPONSORED ADR 1 ADR REPS 5 ORD SHS,FEE,EQUITY,0.0,0.0,-7.77,0.0,CSV-Schwab,
2025-10-09,2025-10-09,Schwab IRA,TSM,TAIWAN SEMICONDUCTOR M FSPONSORED ADR 1 ADR REPS 5 ORD SHS,DIVIDEND,EQUITY,0.0,0.0,36.99,0.0,CSV-Schwab,
2025-10-13,2025-10-15,Robinhood,,ACH Deposit,DEPOSIT,CASH,0.0,0.0,1230.0,0.0,CSV-Robinhood,
2025-10-17,2025-10-17,Schwab IRA,MTCH,MATCH GROUP INC NEW,DIVIDEND,EQUITY,0.0,0.0,7.03,0.0,CSV-Schwab,
2025-10-29,2025-10-30,Robinhood,CMG,"Chipotle
CUSIP: 169656105",BUY,EQUITY,70.0,36.03,-2522.1,0.0,CSV-Robinhood,
2025-11-10,2025-11-12,Robinhood,CMG,"Chipotle
CUSIP: 169656105",BUY,EQUITY,42.0,30.65,-1287.3,0.0,CSV-Robinhood,
2025-11-10,2025-11-10,Schwab IRA,DE,DEERE & CO,REINVEST,EQUITY,0.0349,467.5346,-16.31,0.0,CSV-Schwab,
2025-11-10,2025-11-10,Schwab IRA,DE,DEERE & CO,DIVIDEND,EQUITY,0.0,0.0,16.31,0.0,CSV-Schwab,
2025-11-14,2025-11-17,Robinhood,,ACH Deposit,DEPOSIT,CASH,0.0,0.0,500.0,0.0,CSV-Robinhood,
2025-11-18,2025-11-19,Robinhood,PLTR,PLTR 1/15/2027 Put $70.00,OPTION_BUY,OPTION,1.0,5.29,-529.04,0.0,CSV-Robinhood,
2025-11-18,2025-11-19,Robinhood,,ACH Deposit,DEPOSIT,CASH,0.0,0.0,20.0,0.0,CSV-Robinhood,
2025-12-19,2025-12-19,Schwab IRA,LVMUY,LVMH MOET HENNESSY LOU FSPONSORED ADR 1 ADR REPS 0.2 ORD SHS,FEE,EQUITY,0.0,0.0,-12.8,0.0,CSV-Schwab,
2025-12-19,2025-12-19,Schwab IRA,LVMUY,LVMH MOET HENNESSY LOU FSPONSORED ADR 1 ADR REPS 0.2 ORD SHS,DIVIDEND,EQUITY,0.0,0.0,51.2,0.0,CSV-Schwab,
2025-12-19,2025-12-19,Schwab IRA,LVMUY,LVMH MOET HENNESSY LOU FSPONSORED ADR 1 ADR REPS 0.2 ORD SHS,FEE,EQUITY,0.0,0.0,-2.8,0.0,CSV-Schwab,
2025-12-23,2025-12-23,Schwab IRA,META,META PLATFORMS INC CLASS A,REINVEST,ETF,0.0214,663.9138,-14.24,0.0,CSV-Schwab,
2025-12-23,2025-12-23,Schwab IRA,META,META PLATFORMS INC CLASS A,DIVIDEND,ETF,0.0,0.0,14.24,0.0,CSV-Schwab,
2026-01-02,2026-01-02,Schwab IRA,NKE,NIKE INC CLASS B,REINVEST,EQUITY,0.3329,63.1143,-21.01,0.0,CSV-Schwab,
2026-01-02,2026-01-02,Schwab IRA,NKE,NIKE INC CLASS B,DIVIDEND,EQUITY,0.0,0.0,21.01,0.0,CSV-Schwab,
2026-01-08,2026-01-08,Schwab IRA,TSM,TAIWAN SEMICONDUCTOR M FSPONSORED ADR 1 ADR REPS 5 ORD SHS,FEE,EQUITY,0.0,0.0,-7.52,0.0,CSV-Schwab,
2026-01-08,2026-01-08,Schwab IRA,TSM,TAIWAN SEMICONDUCTOR M FSPONSORED ADR 1 ADR REPS 5 ORD SHS,DIVIDEND,EQUITY,0.0,0.0,35.79,0.0,CSV-Schwab,
2026-01-21,2026-01-21,Schwab IRA,MTCH,MATCH GROUP INC NEW,DIVIDEND,EQUITY,0.0,0.0,7.03,0.0,CSV-Schwab,
2026-01-26,2026-01-26,Schwab IRA,TSM,TAIWAN SEMICONDUCTOR M FSPONSORED ADR 1 ADR REPS 5 ORD SHS,BUY,EQUITY,20.0,333.2499,-6665.0,0.0,CSV-Schwab,
2026-01-26,2026-01-26,Schwab IRA,MTCH,MATCH GROUP INC NEW,SELL,EQUITY,37.0,31.465,1164.2,0.01,CSV-Schwab,
2026-01-26,2026-01-26,Schwab IRA,LVMUY,LVMH MOET HENNESSY LOU FSPONSORED ADR 1 ADR REPS 0.2 ORD SHS,SELL,EQUITY,40.0,139.7095,5581.42,6.96,CSV-Schwab,
2026-01-27,2026-01-28,Robinhood,,ACH Deposit,DEPOSIT,CASH,0.0,0.0,4471.0,0.0,CSV-Robinhood,
2026-01-30,2026-02-02,Robinhood,CVX,"Chevron
CUSIP: 166764100",BUY,EQUITY,10.0,174.06,-1740.65,0.0,CSV-Robinhood,
2026-01-30,2026-02-02,Robinhood,FCX,FCX 6/18/2026 Call $75.00,OPTION_BUY,OPTION,2.0,3.0,-600.08,0.0,CSV-Robinhood,
2026-02-03,2026-02-04,Robinhood,NOW,"ServiceNow
CUSIP: 81762P102",BUY,EQUITY,15.0,109.85,-1647.75,0.0,CSV-Robinhood,
2026-02-05,2026-02-06,Robinhood,TEAM,"Atlassian Corporation
CUSIP: 049468101",BUY,EQUITY,20.0,89.86,-1797.2,0.0,CSV-Robinhood,
2026-02-05,2026-02-06,Robinhood,,ACH Deposit,DEPOSIT,CASH,0.0,0.0,5000.0,0.0,CSV-Robinhood,
2026-02-05,2026-02-06,Robinhood,NOW,"ServiceNow
CUSIP: 81762P102",BUY,EQUITY,4.0,106.04,-424.14,0.0,CSV-Robinhood,
2026-02-06,2026-02-09,Robinhood,NOW,"ServiceNow
CUSIP: 81762P102",BUY,EQUITY,1.0,105.09,-105.09,0.0,CSV-Robinhood,
2026-02-09,2026-02-10,Robinhood,NOW,"ServiceNow
CUSIP: 81762P102",SELL,EQUITY,20.0,100.85,2017.0,0.0,CSV-Robinhood,
2026-02-09,2026-02-09,Schwab IRA,DE,DEERE & CO,REINVEST,EQUITY,0.028,583.4794,-16.36,0.0,CSV-Schwab,
2026-02-09,2026-02-09,Schwab IRA,DE,DEERE & CO,DIVIDEND,EQUITY,0.0,0.0,16.36,0.0,CSV-Schwab,
2026-02-10,2026-02-11,Robinhood,CVX,"Chevron
CUSIP: 166764100",BUY,EQUITY,10.0,181.38,-1813.75,0.0,CSV-Robinhood,
2026-02-11,2026-02-11,Schwab IRA,NKE,NIKE INC CLASS B,SELL,EQUITY,51.5714,62.4336,3219.78,0.01,CSV-Schwab,
2026-02-13,2026-02-17,Robinhood,CELH,"Celsius
CUSIP: 15118V207",BUY,EQUITY,50.0,44.0,-2200.0,0.0,CSV-Robinhood,
2026-02-17,2026-02-17,Schwab IRA,,BANK INT ...526 SCHWAB BANK,INTEREST,EQUITY,0.0,0.0,0.01,0.0,CSV-Schwab,
2026-02-19,2026-02-20,Robinhood,LMND,"Lemonade
CUSIP: 52567D107",BUY,EQUITY,17.0,64.94,-1103.98,0.0,CSV-Robinhood,
2026-02-20,2026-02-23,Robinhood,LMND,"Lemonade
CUSIP: 52567D107",BUY,EQUITY,1.0,56.99,-56.99,0.0,CSV-Robinhood,
2026-02-20,2026-02-20,Schwab IRA,CELH,CELSIUS HLDGS INC,BUY,EQUITY,50.0,47.5899,-2379.5,0.0,CSV-Schwab,
2026-02-23,2026-02-23,Schwab IRA,TEAM,ATLASSIAN CORP CLASS A,BUY,EQUITY,15.0,70.22,-1053.3,0.0,CSV-Schwab,
2026-02-24,2026-02-25,Robinhood,LMND,"Lemonade
CUSIP: 52567D107",BUY,EQUITY,10.0,49.74,-497.4,0.0,CSV-Robinhood,
2026-02-24,2026-02-25,Robinhood,FCX,FCX 6/18/2026 Call $75.00,OPTION_SELL,OPTION,1.0,5.45,544.95,0.0,CSV-Robinhood,
2026-03-10,2026-03-10,Robinhood,CVX,Cash Div: R/D 2026-02-17 P/D 2026-03-10 - 20 shares at 1.78,DIVIDEND,EQUITY,0.0,0.0,35.6,0.0,CSV-Robinhood,
2026-03-13,2026-03-16,Robinhood,LMND,"Lemonade
CUSIP: 52567D107",BUY,EQUITY,2.0,55.46,-110.92,0.0,CSV-Robinhood,
2026-03-13,2026-03-16,Robinhood,FCX,FCX 6/18/2026 Call $75.00,OPTION_SELL,OPTION,1.0,1.59,158.95,0.0,CSV-Robinhood,
2026-03-16,2026-03-16,Schwab IRA,,BANK INT ...526 SCHWAB BANK,INTEREST,EQUITY,0.0,0.0,0.01,0.0,CSV-Schwab,
2026-03-26,2026-03-26,Schwab IRA,META,META PLATFORMS INC CLASS A,DIVIDEND,ETF,0.0,0.0,14.25,0.0,CSV-Schwab,
2026-03-26,2026-03-26,Schwab IRA,META,META PLATFORMS INC CLASS A,REINVEST,ETF,0.0258,552.3256,-14.25,0.0,CSV-Schwab,
2026-03-27,2026-03-30,Robinhood,CVX,"Chevron
CUSIP: 166764100",SELL,EQUITY,20.0,211.85,4237.0,0.0,CSV-Robinhood,
2026-03-27,2026-03-30,Robinhood,META,META PLATFORMS INC CLASS A,BUY,EQUITY,8.0,527.43,-4219.44,0.0,CSV-Robinhood,
